"can_run_boundary","can_run_geometry","can_run_sampling","can_run_source_pair","candidate_group","cannot_run_reason","dataset_version","dominant_source","epic_clm_file","epic_file","epic_path_rebound","epic_time_utc","has_cth","has_epic_file","has_epic_sza","has_epic_vza","has_fused_cloud_mask","has_geo_sza","has_geo_vza","has_prefusion_FY4B","has_prefusion_GOES16","has_prefusion_GOES18","has_prefusion_Himawari9","has_prefusion_Meteosat0deg","has_prefusion_MeteosatIODC","has_source_map","has_valid_source_count","nearest_georing_time_utc","sample_id","scene_date","split","stage_run_dir","time_diff_min"
"True","True","True","True","MIXED_OR_BOUNDARY","","sr_proto_202403_v01","Meteosat-0deg","E:\GEO_Cloud_2024\DSCOVR_EPIC_L2_CLOUD_03_2024.03\DSCOVR_EPIC_L2_CLOUD_03_20240305150051_03.nc4","F:\DSCOVR_EPIC_L2_CLOUD_03_2024.03\DSCOVR_EPIC_L2_CLOUD_03_20240305150051_03.nc4","True","2024-03-05T15:00:51Z","True","True","unknown_until_read","unknown_until_read","True","True","True","True","True","True","True","True","True","True","True","2024-03-05T15:00:00Z","20240305_1500","2024-03-05","train","inputs/geo_pairings/20240305_1500","0.85"
"True","True","True","True","METEOSAT_DOMINANT_CONTROL","","sr_proto_202403_v01","Meteosat-0deg","E:\GEO_Cloud_2024\DSCOVR_EPIC_L2_CLOUD_03_2024.03\DSCOVR_EPIC_L2_CLOUD_03_20240306110605_03.nc4","F:\DSCOVR_EPIC_L2_CLOUD_03_2024.03\DSCOVR_EPIC_L2_CLOUD_03_20240306110605_03.nc4","True","2024-03-06T11:06:05Z","True","True","unknown_until_read","unknown_until_read","True","True","True","True","True","True","True","True","True","True","True","2024-03-06T11:00:00Z","20240306_1100","2024-03-06","train","inputs/geo_pairings/20240306_1100","6.083333333333333"
"True","True","True","True","METEOSAT_DOMINANT_CONTROL","","sr_proto_202403_v01","Meteosat-0deg","E:\GEO_Cloud_2024\DSCOVR_EPIC_L2_CLOUD_03_2024.03\DSCOVR_EPIC_L2_CLOUD_03_20240306125407_03.nc4","F:\DSCOVR_EPIC_L2_CLOUD_03_2024.03\DSCOVR_EPIC_L2_CLOUD_03_20240306125407_03.nc4","True","2024-03-06T12:54:07Z","True","True","unknown_until_read","unknown_until_read","True","True","True","True","True","True","True","True","True","True","True","2024-03-06T13:00:00Z","20240306_1300","2024-03-06","train","inputs/geo_pairings/20240306_1300","5.883333333333334"
"True","True","True","True","METEOSAT_DOMINANT_CONTROL","","sr_proto_202403_v01","Meteosat-IODC","E:\GEO_Cloud_2024\DSCOVR_EPIC_L2_CLOUD_03_2024.03\DSCOVR_EPIC_L2_CLOUD_03_20240307090842_03.nc4","F:\DSCOVR_EPIC_L2_CLOUD_03_2024.03\DSCOVR_EPIC_L2_CLOUD_03_20240307090842_03.nc4","True","2024-03-07T09:08:42Z","True","True","unknown_until_read","unknown_until_read","True","True","True","True","True","True","True","True","True","True","True","2024-03-07T09:00:00Z","20240307_0900","2024-03-07","train","inputs/geo_pairings/20240307_0900","8.7"
"True","True","True","True","EAST_ASIA_FY4B_HIMAWARI_PRIORITY","","sr_proto_202403_v01","Himawari-9","E:\GEO_Cloud_2024\DSCOVR_EPIC_L2_CLOUD_03_2024.03\DSCOVR_EPIC_L2_CLOUD_03_20240308040317_03.nc4","F:\DSCOVR_EPIC_L2_CLOUD_03_2024.03\DSCOVR_EPIC_L2_CLOUD_03_20240308040317_03.nc4","True","2024-03-08T04:03:17Z","True","True","unknown_until_read","unknown_until_read","True","True","True","True","True","True","True","True","True","True","True","2024-03-08T04:00:00Z","20240308_0400","2024-03-08","train","inputs/geo_pairings/20240308_0400","3.283333333333333"
"True","True","True","True","METEOSAT_DOMINANT_CONTROL","","sr_proto_202403_v01","Meteosat-0deg","E:\GEO_Cloud_2024\DSCOVR_EPIC_L2_CLOUD_03_2024.03\DSCOVR_EPIC_L2_CLOUD_03_20240308130329_03.nc4","F:\DSCOVR_EPIC_L2_CLOUD_03_2024.03\DSCOVR_EPIC_L2_CLOUD_03_20240308130329_03.nc4","True","2024-03-08T13:03:29Z","True","True","unknown_until_read","unknown_until_read","True","True","True","True","True","True","True","True","True","True","True","2024-03-08T13:00:00Z","20240308_1300","2024-03-08","train","inputs/geo_pairings/20240308_1300","3.4833333333333334"
"True","True","True","True","MIXED_OR_BOUNDARY","","sr_proto_202403_v01","GOES-18","E:\GEO_Cloud_2024\DSCOVR_EPIC_L2_CLOUD_03_2024.03\DSCOVR_EPIC_L2_CLOUD_03_20240309004554_03.nc4","F:\DSCOVR_EPIC_L2_CLOUD_03_2024.03\DSCOVR_EPIC_L2_CLOUD_03_20240309004554_03.nc4","True","2024-03-09T00:45:54Z","True","True","unknown_until_read","unknown_until_read","True","True","True","True","True","True","True","True","True","True","True","2024-03-09T01:00:00Z","20240309_0100","2024-03-09","train","inputs/geo_pairings/20240309_0100","14.1"
"True","True","True","True","MIXED_OR_BOUNDARY","","sr_proto_202403_v01","Meteosat-IODC","E:\GEO_Cloud_2024\DSCOVR_EPIC_L2_CLOUD_03_2024.03\DSCOVR_EPIC_L2_CLOUD_03_20240309075803_03.nc4","F:\DSCOVR_EPIC_L2_CLOUD_03_2024.03\DSCOVR_EPIC_L2_CLOUD_03_20240309075803_03.nc4","True","2024-03-09T07:58:03Z","True","True","unknown_until_read","unknown_until_read","True","True","True","True","True","True","True","True","True","True","True","2024-03-09T08:00:00Z","20240309_0800","2024-03-09","train","inputs/geo_pairings/20240309_0800","1.95"
"True","True","True","True","METEOSAT_DOMINANT_CONTROL","","sr_proto_202403_v01","Meteosat-0deg","E:\GEO_Cloud_2024\DSCOVR_EPIC_L2_CLOUD_03_2024.03\DSCOVR_EPIC_L2_CLOUD_03_20240309132211_03.nc4","F:\DSCOVR_EPIC_L2_CLOUD_03_2024.03\DSCOVR_EPIC_L2_CLOUD_03_20240309132211_03.nc4","True","2024-03-09T13:22:11Z","True","True","unknown_until_read","unknown_until_read","True","True","True","True","True","True","True","True","True","True","True","2024-03-09T13:00:00Z","20240309_1300","2024-03-09","train","inputs/geo_pairings/20240309_1300","22.183333333333334"
"True","True","True","True","GOES_DOMINANT_CONTROL","","sr_proto_202403_v01","GOES-16","E:\GEO_Cloud_2024\DSCOVR_EPIC_L2_CLOUD_03_2024.03\DSCOVR_EPIC_L2_CLOUD_03_20240309165815_03.nc4","F:\DSCOVR_EPIC_L2_CLOUD_03_2024.03\DSCOVR_EPIC_L2_CLOUD_03_20240309165815_03.nc4","True","2024-03-09T16:58:15Z","True","True","unknown_until_read","unknown_until_read","True","True","True","True","True","True","True","True","True","True","True","2024-03-09T17:00:00Z","20240309_1700","2024-03-09","train","inputs/geo_pairings/20240309_1700","1.75"
"True","True","True","True","METEOSAT_DOMINANT_CONTROL","","sr_proto_202403_v01","Meteosat-IODC","E:\GEO_Cloud_2024\DSCOVR_EPIC_L2_CLOUD_03_2024.03\DSCOVR_EPIC_L2_CLOUD_03_20240310100449_03.nc4","F:\DSCOVR_EPIC_L2_CLOUD_03_2024.03\DSCOVR_EPIC_L2_CLOUD_03_20240310100449_03.nc4","True","2024-03-10T10:04:49Z","True","True","unknown_until_read","unknown_until_read","True","True","True","True","True","True","True","True","True","True","True","2024-03-10T10:00:00Z","20240310_1000","2024-03-10","train","inputs/geo_pairings/20240310_1000","4.816666666666666"
"True","True","True","True","METEOSAT_DOMINANT_CONTROL","","sr_proto_202403_v01","Meteosat-0deg","E:\GEO_Cloud_2024\DSCOVR_EPIC_L2_CLOUD_03_2024.03\DSCOVR_EPIC_L2_CLOUD_03_20240310115251_03.nc4","F:\DSCOVR_EPIC_L2_CLOUD_03_2024.03\DSCOVR_EPIC_L2_CLOUD_03_20240310115251_03.nc4","True","2024-03-10T11:52:51Z","True","True","unknown_until_read","unknown_until_read","True","True","True","True","True","True","True","True","True","True","True","2024-03-10T12:00:00Z","20240310_1200","2024-03-10","train","inputs/geo_pairings/20240310_1200","7.15"
"True","True","True","True","GOES_DOMINANT_CONTROL","","sr_proto_202403_v01","GOES-16","E:\GEO_Cloud_2024\DSCOVR_EPIC_L2_CLOUD_03_2024.03\DSCOVR_EPIC_L2_CLOUD_03_20240310190501_03.nc4","F:\DSCOVR_EPIC_L2_CLOUD_03_2024.03\DSCOVR_EPIC_L2_CLOUD_03_20240310190501_03.nc4","True","2024-03-10T19:05:01Z","True","True","unknown_until_read","unknown_until_read","True","True","True","True","True","True","True","True","True","True","True","2024-03-10T19:00:00Z","20240310_1900","2024-03-10","train","inputs/geo_pairings/20240310_1900","5.016666666666667"
"True","True","True","True","MIXED_OR_BOUNDARY","","sr_proto_202403_v01","Meteosat-IODC","E:\GEO_Cloud_2024\DSCOVR_EPIC_L2_CLOUD_03_2024.03\DSCOVR_EPIC_L2_CLOUD_03_20240311080724_03.nc4","F:\DSCOVR_EPIC_L2_CLOUD_03_2024.03\DSCOVR_EPIC_L2_CLOUD_03_20240311080724_03.nc4","True","2024-03-11T08:07:24Z","True","True","unknown_until_read","unknown_until_read","True","True","True","True","True","True","True","True","True","True","True","2024-03-11T08:00:00Z","20240311_0800","2024-03-11","train","inputs/geo_pairings/20240311_0800","7.4"
"True","True","True","True","METEOSAT_DOMINANT_CONTROL","","sr_proto_202403_v01","Meteosat-IODC","E:\GEO_Cloud_2024\DSCOVR_EPIC_L2_CLOUD_03_2024.03\DSCOVR_EPIC_L2_CLOUD_03_20240311095527_03.nc4","F:\DSCOVR_EPIC_L2_CLOUD_03_2024.03\DSCOVR_EPIC_L2_CLOUD_03_20240311095527_03.nc4","True","2024-03-11T09:55:27Z","True","True","unknown_until_read","unknown_until_read","True","True","True","True","True","True","True","True","True","True","True","2024-03-11T10:00:00Z","20240311_1000","2024-03-11","train","inputs/geo_pairings/20240311_1000","4.55"
"True","True","True","True","METEOSAT_DOMINANT_CONTROL","","sr_proto_202403_v01","Meteosat-0deg","E:\GEO_Cloud_2024\DSCOVR_EPIC_L2_CLOUD_03_2024.03\DSCOVR_EPIC_L2_CLOUD_03_20240311133132_03.nc4","F:\DSCOVR_EPIC_L2_CLOUD_03_2024.03\DSCOVR_EPIC_L2_CLOUD_03_20240311133132_03.nc4","True","2024-03-11T13:31:32Z","True","True","unknown_until_read","unknown_until_read","True","True","True","True","True","True","True","True","True","True","True","2024-03-11T14:00:00Z","20240311_1400","2024-03-11","train","inputs/geo_pairings/20240311_1400","28.466666666666665"
"True","True","True","True","GOES_DOMINANT_CONTROL","","sr_proto_202403_v01","GOES-16","E:\GEO_Cloud_2024\DSCOVR_EPIC_L2_CLOUD_03_2024.03\DSCOVR_EPIC_L2_CLOUD_03_20240311185539_03.nc4","F:\DSCOVR_EPIC_L2_CLOUD_03_2024.03\DSCOVR_EPIC_L2_CLOUD_03_20240311185539_03.nc4","True","2024-03-11T18:55:39Z","True","True","unknown_until_read","unknown_until_read","True","True","True","True","True","True","True","True","True","True","True","2024-03-11T19:00:00Z","20240311_1900","2024-03-11","train","inputs/geo_pairings/20240311_1900","4.35"
"True","True","True","True","GOES_DOMINANT_CONTROL","","sr_proto_202403_v01","GOES-18","E:\GEO_Cloud_2024\DSCOVR_EPIC_L2_CLOUD_03_2024.03\DSCOVR_EPIC_L2_CLOUD_03_20240311223144_03.nc4","F:\DSCOVR_EPIC_L2_CLOUD_03_2024.03\DSCOVR_EPIC_L2_CLOUD_03_20240311223144_03.nc4","True","2024-03-11T22:31:44Z","True","True","unknown_until_read","unknown_until_read","True","True","True","True","True","True","True","True","True","True","True","2024-03-11T23:00:00Z","20240311_2300","2024-03-11","train","inputs/geo_pairings/20240311_2300","28.266666666666666"
"True","True","True","True","MIXED_OR_BOUNDARY","","sr_proto_202403_v01","GOES-16","E:\GEO_Cloud_2024\DSCOVR_EPIC_L2_CLOUD_03_2024.03\DSCOVR_EPIC_L2_CLOUD_03_20240312150051_03.nc4","F:\DSCOVR_EPIC_L2_CLOUD_03_2024.03\DSCOVR_EPIC_L2_CLOUD_03_20240312150051_03.nc4","True","2024-03-12T15:00:51Z","True","True","unknown_until_read","unknown_until_read","True","True","True","True","True","True","True","True","True","True","True","2024-03-12T15:00:00Z","20240312_1500","2024-03-12","train","inputs/geo_pairings/20240312_1500","0.85"
"True","True","True","True","EAST_ASIA_FY4B_HIMAWARI_PRIORITY","","sr_proto_202403_v01","Himawari-9","E:\GEO_Cloud_2024\DSCOVR_EPIC_L2_CLOUD_03_2024.03\DSCOVR_EPIC_L2_CLOUD_03_20240313035356_03.nc4","F:\DSCOVR_EPIC_L2_CLOUD_03_2024.03\DSCOVR_EPIC_L2_CLOUD_03_20240313035356_03.nc4","True","2024-03-13T03:53:56Z","True","True","unknown_until_read","unknown_until_read","True","True","True","True","True","True","True","True","True","True","True","2024-03-13T04:00:00Z","20240313_0400","2024-03-13","train","inputs/geo_pairings/20240313_0400","6.066666666666666"
"True","True","True","True","METEOSAT_DOMINANT_CONTROL","","sr_proto_202403_v01","Meteosat-0deg","E:\GEO_Cloud_2024\DSCOVR_EPIC_L2_CLOUD_03_2024.03\DSCOVR_EPIC_L2_CLOUD_03_20240313110605_03.nc4","F:\DSCOVR_EPIC_L2_CLOUD_03_2024.03\DSCOVR_EPIC_L2_CLOUD_03_20240313110605_03.nc4","True","2024-03-13T11:06:05Z","True","True","unknown_until_read","unknown_until_read","True","True","True","True","True","True","True","True","True","True","True","2024-03-13T11:00:00Z","20240313_1100","2024-03-13","train","inputs/geo_pairings/20240313_1100","6.083333333333333"
"True","True","True","True","GOES_DOMINANT_CONTROL","","sr_proto_202403_v01","GOES-18","E:\GEO_Cloud_2024\DSCOVR_EPIC_L2_CLOUD_03_2024.03\DSCOVR_EPIC_L2_CLOUD_03_20240313215420_03.nc4","F:\DSCOVR_EPIC_L2_CLOUD_03_2024.03\DSCOVR_EPIC_L2_CLOUD_03_20240313215420_03.nc4","True","2024-03-13T21:54:20Z","True","True","unknown_until_read","unknown_until_read","True","True","True","True","True","True","True","True","True","True","True","2024-03-13T22:00:00Z","20240313_2200","2024-03-13","train","inputs/geo_pairings/20240313_2200","5.666666666666667"
"True","True","True","True","METEOSAT_DOMINANT_CONTROL","","sr_proto_202403_v01","Meteosat-IODC","E:\GEO_Cloud_2024\DSCOVR_EPIC_L2_CLOUD_03_2024.03\DSCOVR_EPIC_L2_CLOUD_03_20240314090842_03.nc4","F:\DSCOVR_EPIC_L2_CLOUD_03_2024.03\DSCOVR_EPIC_L2_CLOUD_03_20240314090842_03.nc4","True","2024-03-14T09:08:42Z","True","True","unknown_until_read","unknown_until_read","True","True","True","True","True","True","True","True","True","True","True","2024-03-14T09:00:00Z","20240314_0900","2024-03-14","train","inputs/geo_pairings/20240314_0900","8.7"
"True","True","True","True","EAST_ASIA_FY4B_HIMAWARI_PRIORITY","","sr_proto_202403_v01","Himawari-9","E:\GEO_Cloud_2024\DSCOVR_EPIC_L2_CLOUD_03_2024.03\DSCOVR_EPIC_L2_CLOUD_03_20240315040317_03.nc4","F:\DSCOVR_EPIC_L2_CLOUD_03_2024.03\DSCOVR_EPIC_L2_CLOUD_03_20240315040317_03.nc4","True","2024-03-15T04:03:17Z","True","True","unknown_until_read","unknown_until_read","True","True","True","True","True","True","True","True","True","True","True","2024-03-15T04:00:00Z","20240315_0400","2024-03-15","train","inputs/geo_pairings/20240315_0400","3.283333333333333"
"True","True","True","True","METEOSAT_DOMINANT_CONTROL","","sr_proto_202403_v01","Meteosat-0deg","E:\GEO_Cloud_2024\DSCOVR_EPIC_L2_CLOUD_03_2024.03\DSCOVR_EPIC_L2_CLOUD_03_20240315130329_03.nc4","F:\DSCOVR_EPIC_L2_CLOUD_03_2024.03\DSCOVR_EPIC_L2_CLOUD_03_20240315130329_03.nc4","True","2024-03-15T13:03:29Z","True","True","unknown_until_read","unknown_until_read","True","True","True","True","True","True","True","True","True","True","True","2024-03-15T13:00:00Z","20240315_1300","2024-03-15","train","inputs/geo_pairings/20240315_1300","3.4833333333333334"
"True","True","True","True","MIXED_OR_BOUNDARY","","sr_proto_202403_v01","Meteosat-IODC","E:\GEO_Cloud_2024\DSCOVR_EPIC_L2_CLOUD_03_2024.03\DSCOVR_EPIC_L2_CLOUD_03_20240316075804_03.nc4","F:\DSCOVR_EPIC_L2_CLOUD_03_2024.03\DSCOVR_EPIC_L2_CLOUD_03_20240316075804_03.nc4","True","2024-03-16T07:58:04Z","True","True","unknown_until_read","unknown_until_read","True","True","True","True","True","True","True","True","True","True","True","2024-03-16T08:00:00Z","20240316_0800","2024-03-16","train","inputs/geo_pairings/20240316_0800","1.9333333333333333"
"True","True","True","True","GOES_DOMINANT_CONTROL","","sr_proto_202403_v01","GOES-16","E:\GEO_Cloud_2024\DSCOVR_EPIC_L2_CLOUD_03_2024.03\DSCOVR_EPIC_L2_CLOUD_03_20240316165816_03.nc4","F:\DSCOVR_EPIC_L2_CLOUD_03_2024.03\DSCOVR_EPIC_L2_CLOUD_03_20240316165816_03.nc4","True","2024-03-16T16:58:16Z","True","True","unknown_until_read","unknown_until_read","True","True","True","True","True","True","True","True","True","True","True","2024-03-16T17:00:00Z","20240316_1700","2024-03-16","train","inputs/geo_pairings/20240316_1700","1.7333333333333334"
"True","True","True","True","METEOSAT_DOMINANT_CONTROL","","sr_proto_202403_v01","Meteosat-IODC","E:\GEO_Cloud_2024\DSCOVR_EPIC_L2_CLOUD_03_2024.03\DSCOVR_EPIC_L2_CLOUD_03_20240317100448_03.nc4","F:\DSCOVR_EPIC_L2_CLOUD_03_2024.03\DSCOVR_EPIC_L2_CLOUD_03_20240317100448_03.nc4","True","2024-03-17T10:04:48Z","True","True","unknown_until_read","unknown_until_read","True","True","True","True","True","True","True","True","True","True","True","2024-03-17T10:00:00Z","20240317_1000","2024-03-17","train","inputs/geo_pairings/20240317_1000","4.8"
"True","True","True","True","METEOSAT_DOMINANT_CONTROL","","sr_proto_202403_v01","Meteosat-0deg","E:\GEO_Cloud_2024\DSCOVR_EPIC_L2_CLOUD_03_2024.03\DSCOVR_EPIC_L2_CLOUD_03_20240317115251_03.nc4","F:\DSCOVR_EPIC_L2_CLOUD_03_2024.03\DSCOVR_EPIC_L2_CLOUD_03_20240317115251_03.nc4","True","2024-03-17T11:52:51Z","True","True","unknown_until_read","unknown_until_read","True","True","True","True","True","True","True","True","True","True","True","2024-03-17T12:00:00Z","20240317_1200","2024-03-17","train","inputs/geo_pairings/20240317_1200","7.15"
"True","True","True","True","METEOSAT_DOMINANT_CONTROL","","sr_proto_202403_v01","Meteosat-IODC","E:\GEO_Cloud_2024\DSCOVR_EPIC_L2_CLOUD_03_2024.03\DSCOVR_EPIC_L2_CLOUD_03_20240318080725_03.nc4","F:\DSCOVR_EPIC_L2_CLOUD_03_2024.03\DSCOVR_EPIC_L2_CLOUD_03_20240318080725_03.nc4","True","2024-03-18T08:07:25Z","True","True","unknown_until_read","unknown_until_read","True","True","True","True","True","True","True","True","True","True","True","2024-03-18T08:00:00Z","20240318_0800","2024-03-18","train","inputs/geo_pairings/20240318_0800","7.416666666666667"
"True","True","True","True","METEOSAT_DOMINANT_CONTROL","","sr_proto_202403_v01","Meteosat-IODC","E:\GEO_Cloud_2024\DSCOVR_EPIC_L2_CLOUD_03_2024.03\DSCOVR_EPIC_L2_CLOUD_03_20240318095527_03.nc4","F:\DSCOVR_EPIC_L2_CLOUD_03_2024.03\DSCOVR_EPIC_L2_CLOUD_03_20240318095527_03.nc4","True","2024-03-18T09:55:27Z","True","True","unknown_until_read","unknown_until_read","True","True","True","True","True","True","True","True","True","True","True","2024-03-18T10:00:00Z","20240318_1000","2024-03-18","train","inputs/geo_pairings/20240318_1000","4.55"
"True","True","True","True","GOES_DOMINANT_CONTROL","","sr_proto_202403_v01","GOES-16","E:\GEO_Cloud_2024\DSCOVR_EPIC_L2_CLOUD_03_2024.03\DSCOVR_EPIC_L2_CLOUD_03_20240318185538_03.nc4","F:\DSCOVR_EPIC_L2_CLOUD_03_2024.03\DSCOVR_EPIC_L2_CLOUD_03_20240318185538_03.nc4","True","2024-03-18T18:55:38Z","True","True","unknown_until_read","unknown_until_read","True","True","True","True","True","True","True","True","True","True","True","2024-03-18T19:00:00Z","20240318_1900","2024-03-18","train","inputs/geo_pairings/20240318_1900","4.366666666666666"
"True","True","True","True","MIXED_OR_BOUNDARY","","sr_proto_202403_v01","GOES-16","E:\GEO_Cloud_2024\DSCOVR_EPIC_L2_CLOUD_03_2024.03\DSCOVR_EPIC_L2_CLOUD_03_20240319150052_03.nc4","F:\DSCOVR_EPIC_L2_CLOUD_03_2024.03\DSCOVR_EPIC_L2_CLOUD_03_20240319150052_03.nc4","True","2024-03-19T15:00:52Z","True","True","unknown_until_read","unknown_until_read","True","True","True","True","True","True","True","True","True","True","True","2024-03-19T15:00:00Z","20240319_1500","2024-03-19","buffer_1","inputs/geo_pairings/20240319_1500","0.8666666666666667"
"True","True","True","True","EAST_ASIA_FY4B_HIMAWARI_PRIORITY","","sr_proto_202403_v01","Himawari-9","E:\GEO_Cloud_2024\DSCOVR_EPIC_L2_CLOUD_03_2024.03\DSCOVR_EPIC_L2_CLOUD_03_20240320035356_03.nc4","F:\DSCOVR_EPIC_L2_CLOUD_03_2024.03\DSCOVR_EPIC_L2_CLOUD_03_20240320035356_03.nc4","True","2024-03-20T03:53:56Z","True","True","unknown_until_read","unknown_until_read","True","True","True","True","True","True","True","True","True","True","True","2024-03-20T04:00:00Z","20240320_0400","2024-03-20","validation","inputs/geo_pairings/20240320_0400","6.066666666666666"
"True","True","True","True","MIXED_OR_BOUNDARY","","sr_proto_202403_v01","GOES-18","E:\GEO_Cloud_2024\DSCOVR_EPIC_L2_CLOUD_03_2024.03\DSCOVR_EPIC_L2_CLOUD_03_20240321000830_03.nc4","F:\DSCOVR_EPIC_L2_CLOUD_03_2024.03\DSCOVR_EPIC_L2_CLOUD_03_20240321000830_03.nc4","True","2024-03-21T00:08:30Z","True","True","unknown_until_read","unknown_until_read","True","True","True","True","True","True","True","True","True","True","True","2024-03-21T00:00:00Z","20240321_0000","2024-03-21","validation","inputs/geo_pairings/20240321_0000","8.5"
"True","True","True","True","METEOSAT_DOMINANT_CONTROL","","sr_proto_202403_v01","Meteosat-IODC","E:\GEO_Cloud_2024\DSCOVR_EPIC_L2_CLOUD_03_2024.03\DSCOVR_EPIC_L2_CLOUD_03_20240321090842_03.nc4","F:\DSCOVR_EPIC_L2_CLOUD_03_2024.03\DSCOVR_EPIC_L2_CLOUD_03_20240321090842_03.nc4","True","2024-03-21T09:08:42Z","True","True","unknown_until_read","unknown_until_read","True","True","True","True","True","True","True","True","True","True","True","2024-03-21T09:00:00Z","20240321_0900","2024-03-21","validation","inputs/geo_pairings/20240321_0900","8.7"
"True","True","True","True","METEOSAT_DOMINANT_CONTROL","","sr_proto_202403_v01","Meteosat-0deg","E:\GEO_Cloud_2024\DSCOVR_EPIC_L2_CLOUD_03_2024.03\DSCOVR_EPIC_L2_CLOUD_03_20240321105645_03.nc4","F:\DSCOVR_EPIC_L2_CLOUD_03_2024.03\DSCOVR_EPIC_L2_CLOUD_03_20240321105645_03.nc4","True","2024-03-21T10:56:45Z","True","True","unknown_until_read","unknown_until_read","True","True","True","True","True","True","True","True","True","True","True","2024-03-21T11:00:00Z","20240321_1100","2024-03-21","validation","inputs/geo_pairings/20240321_1100","3.25"
"True","True","True","True","EAST_ASIA_FY4B_HIMAWARI_PRIORITY","","sr_proto_202403_v01","Himawari-9","E:\GEO_Cloud_2024\DSCOVR_EPIC_L2_CLOUD_03_2024.03\DSCOVR_EPIC_L2_CLOUD_03_20240322040317_03.nc4","F:\DSCOVR_EPIC_L2_CLOUD_03_2024.03\DSCOVR_EPIC_L2_CLOUD_03_20240322040317_03.nc4","True","2024-03-22T04:03:17Z","True","True","unknown_until_read","unknown_until_read","True","True","True","True","True","True","True","True","True","True","True","2024-03-22T04:00:00Z","20240322_0400","2024-03-22","validation","inputs/geo_pairings/20240322_0400","3.283333333333333"
"True","True","True","True","METEOSAT_DOMINANT_CONTROL","","sr_proto_202403_v01","Meteosat-0deg","E:\GEO_Cloud_2024\DSCOVR_EPIC_L2_CLOUD_03_2024.03\DSCOVR_EPIC_L2_CLOUD_03_20240322130330_03.nc4","F:\DSCOVR_EPIC_L2_CLOUD_03_2024.03\DSCOVR_EPIC_L2_CLOUD_03_20240322130330_03.nc4","True","2024-03-22T13:03:30Z","True","True","unknown_until_read","unknown_until_read","True","True","True","True","True","True","True","True","True","True","True","2024-03-22T13:00:00Z","20240322_1300","2024-03-22","validation","inputs/geo_pairings/20240322_1300","3.5"
"True","True","True","True","METEOSAT_DOMINANT_CONTROL","","sr_proto_202403_v01","Meteosat-IODC","E:\GEO_Cloud_2024\DSCOVR_EPIC_L2_CLOUD_03_2024.03\DSCOVR_EPIC_L2_CLOUD_03_20240323075805_03.nc4","F:\DSCOVR_EPIC_L2_CLOUD_03_2024.03\DSCOVR_EPIC_L2_CLOUD_03_20240323075805_03.nc4","True","2024-03-23T07:58:05Z","True","True","unknown_until_read","unknown_until_read","True","True","True","True","True","True","True","True","True","True","True","2024-03-23T08:00:00Z","20240323_0800","2024-03-23","validation","inputs/geo_pairings/20240323_0800","1.9166666666666667"
"True","True","True","True","METEOSAT_DOMINANT_CONTROL","","sr_proto_202403_v01","Meteosat-0deg","E:\GEO_Cloud_2024\DSCOVR_EPIC_L2_CLOUD_03_2024.03\DSCOVR_EPIC_L2_CLOUD_03_20240324115252_03.nc4","F:\DSCOVR_EPIC_L2_CLOUD_03_2024.03\DSCOVR_EPIC_L2_CLOUD_03_20240324115252_03.nc4","True","2024-03-24T11:52:52Z","True","True","unknown_until_read","unknown_until_read","True","True","True","True","True","True","True","True","True","True","True","2024-03-24T12:00:00Z","20240324_1200","2024-03-24","buffer_2","inputs/geo_pairings/20240324_1200","7.133333333333334"
"True","True","True","True","METEOSAT_DOMINANT_CONTROL","","sr_proto_202403_v01","Meteosat-IODC","E:\GEO_Cloud_2024\DSCOVR_EPIC_L2_CLOUD_03_2024.03\DSCOVR_EPIC_L2_CLOUD_03_20240325080724_03.nc4","F:\DSCOVR_EPIC_L2_CLOUD_03_2024.03\DSCOVR_EPIC_L2_CLOUD_03_20240325080724_03.nc4","True","2024-03-25T08:07:24Z","True","True","unknown_until_read","unknown_until_read","True","True","True","True","True","True","True","True","True","True","True","2024-03-25T08:00:00Z","20240325_0800","2024-03-25","buffer_2","inputs/geo_pairings/20240325_0800","7.4"
"True","True","True","True","METEOSAT_DOMINANT_CONTROL","","sr_proto_202403_v01","Meteosat-IODC","E:\GEO_Cloud_2024\DSCOVR_EPIC_L2_CLOUD_03_2024.03\DSCOVR_EPIC_L2_CLOUD_03_20240325095527_03.nc4","F:\DSCOVR_EPIC_L2_CLOUD_03_2024.03\DSCOVR_EPIC_L2_CLOUD_03_20240325095527_03.nc4","True","2024-03-25T09:55:27Z","True","True","unknown_until_read","unknown_until_read","True","True","True","True","True","True","True","True","True","True","True","2024-03-25T10:00:00Z","20240325_1000","2024-03-25","buffer_2","inputs/geo_pairings/20240325_1000","4.55"
"True","True","True","True","GOES_DOMINANT_CONTROL","","sr_proto_202403_v01","GOES-16","E:\GEO_Cloud_2024\DSCOVR_EPIC_L2_CLOUD_03_2024.03\DSCOVR_EPIC_L2_CLOUD_03_20240325185539_03.nc4","F:\DSCOVR_EPIC_L2_CLOUD_03_2024.03\DSCOVR_EPIC_L2_CLOUD_03_20240325185539_03.nc4","True","2024-03-25T18:55:39Z","True","True","unknown_until_read","unknown_until_read","True","True","True","True","True","True","True","True","True","True","True","2024-03-25T19:00:00Z","20240325_1900","2024-03-25","buffer_2","inputs/geo_pairings/20240325_1900","4.35"
"True","True","True","True","MIXED_OR_BOUNDARY","","sr_proto_202403_v01","GOES-16","E:\GEO_Cloud_2024\DSCOVR_EPIC_L2_CLOUD_03_2024.03\DSCOVR_EPIC_L2_CLOUD_03_20240326150053_03.nc4","F:\DSCOVR_EPIC_L2_CLOUD_03_2024.03\DSCOVR_EPIC_L2_CLOUD_03_20240326150053_03.nc4","True","2024-03-26T15:00:53Z","True","True","unknown_until_read","unknown_until_read","True","True","True","True","True","True","True","True","True","True","True","2024-03-26T15:00:00Z","20240326_1500","2024-03-26","test","inputs/geo_pairings/20240326_1500","0.8833333333333333"
"True","True","True","True","METEOSAT_DOMINANT_CONTROL","","sr_proto_202403_v01","Meteosat-0deg","E:\GEO_Cloud_2024\DSCOVR_EPIC_L2_CLOUD_03_2024.03\DSCOVR_EPIC_L2_CLOUD_03_20240327110605_03.nc4","F:\DSCOVR_EPIC_L2_CLOUD_03_2024.03\DSCOVR_EPIC_L2_CLOUD_03_20240327110605_03.nc4","True","2024-03-27T11:06:05Z","True","True","unknown_until_read","unknown_until_read","True","True","True","True","True","True","True","True","True","True","True","2024-03-27T11:00:00Z","20240327_1100","2024-03-27","test","inputs/geo_pairings/20240327_1100","6.083333333333333"
"True","True","True","True","MIXED_OR_BOUNDARY","","sr_proto_202403_v01","GOES-18","E:\GEO_Cloud_2024\DSCOVR_EPIC_L2_CLOUD_03_2024.03\DSCOVR_EPIC_L2_CLOUD_03_20240328000830_03.nc4","F:\DSCOVR_EPIC_L2_CLOUD_03_2024.03\DSCOVR_EPIC_L2_CLOUD_03_20240328000830_03.nc4","True","2024-03-28T00:08:30Z","True","True","unknown_until_read","unknown_until_read","True","True","True","True","True","True","True","True","True","True","True","2024-03-28T00:00:00Z","20240328_0000","2024-03-28","test","inputs/geo_pairings/20240328_0000","8.5"
"True","True","True","True","METEOSAT_DOMINANT_CONTROL","","sr_proto_202403_v01","Meteosat-IODC","E:\GEO_Cloud_2024\DSCOVR_EPIC_L2_CLOUD_03_2024.03\DSCOVR_EPIC_L2_CLOUD_03_20240328090842_03.nc4","F:\DSCOVR_EPIC_L2_CLOUD_03_2024.03\DSCOVR_EPIC_L2_CLOUD_03_20240328090842_03.nc4","True","2024-03-28T09:08:42Z","True","True","unknown_until_read","unknown_until_read","True","True","True","True","True","True","True","True","True","True","True","2024-03-28T09:00:00Z","20240328_0900","2024-03-28","test","inputs/geo_pairings/20240328_0900","8.7"
"True","True","True","True","METEOSAT_DOMINANT_CONTROL","","sr_proto_202403_v01","Meteosat-0deg","E:\GEO_Cloud_2024\DSCOVR_EPIC_L2_CLOUD_03_2024.03\DSCOVR_EPIC_L2_CLOUD_03_20240328105644_03.nc4","F:\DSCOVR_EPIC_L2_CLOUD_03_2024.03\DSCOVR_EPIC_L2_CLOUD_03_20240328105644_03.nc4","True","2024-03-28T10:56:44Z","True","True","unknown_until_read","unknown_until_read","True","True","True","True","True","True","True","True","True","True","True","2024-03-28T11:00:00Z","20240328_1100","2024-03-28","test","inputs/geo_pairings/20240328_1100","3.2666666666666666"
"True","True","True","True","METEOSAT_DOMINANT_CONTROL","","sr_proto_202403_v01","Meteosat-0deg","E:\GEO_Cloud_2024\DSCOVR_EPIC_L2_CLOUD_03_2024.03\DSCOVR_EPIC_L2_CLOUD_03_20240329130328_03.nc4","F:\DSCOVR_EPIC_L2_CLOUD_03_2024.03\DSCOVR_EPIC_L2_CLOUD_03_20240329130328_03.nc4","True","2024-03-29T13:03:28Z","True","True","unknown_until_read","unknown_until_read","True","True","True","True","True","True","True","True","True","True","True","2024-03-29T13:00:00Z","20240329_1300","2024-03-29","test","inputs/geo_pairings/20240329_1300","3.466666666666667"
"True","True","True","True","METEOSAT_DOMINANT_CONTROL","","sr_proto_202403_v01","Meteosat-IODC","E:\GEO_Cloud_2024\DSCOVR_EPIC_L2_CLOUD_03_2024.03\DSCOVR_EPIC_L2_CLOUD_03_20240330075803_03.nc4","F:\DSCOVR_EPIC_L2_CLOUD_03_2024.03\DSCOVR_EPIC_L2_CLOUD_03_20240330075803_03.nc4","True","2024-03-30T07:58:03Z","True","True","unknown_until_read","unknown_until_read","True","True","True","True","True","True","True","True","True","True","True","2024-03-30T08:00:00Z","20240330_0800","2024-03-30","test","inputs/geo_pairings/20240330_0800","1.95"
"True","True","True","True","METEOSAT_DOMINANT_CONTROL","","sr_proto_202403_v01","Meteosat-0deg","E:\GEO_Cloud_2024\DSCOVR_EPIC_L2_CLOUD_03_2024.03\DSCOVR_EPIC_L2_CLOUD_03_20240331115251_03.nc4","F:\DSCOVR_EPIC_L2_CLOUD_03_2024.03\DSCOVR_EPIC_L2_CLOUD_03_20240331115251_03.nc4","True","2024-03-31T11:52:51Z","True","True","unknown_until_read","unknown_until_read","True","True","True","True","True","True","True","True","True","True","True","2024-03-31T12:00:00Z","20240331_1200","2024-03-31","test","inputs/geo_pairings/20240331_1200","7.15"
"True","True","True","True","GOES_DOMINANT_CONTROL","","sr_proto_202403_v01","GOES-16","E:\GEO_Cloud_2024\DSCOVR_EPIC_L2_CLOUD_03_2024.03\DSCOVR_EPIC_L2_CLOUD_03_20240331190501_03.nc4","F:\DSCOVR_EPIC_L2_CLOUD_03_2024.03\DSCOVR_EPIC_L2_CLOUD_03_20240331190501_03.nc4","True","2024-03-31T19:05:01Z","True","True","unknown_until_read","unknown_until_read","True","True","True","True","True","True","True","True","True","True","True","2024-03-31T19:00:00Z","20240331_1900","2024-03-31","test","inputs/geo_pairings/20240331_1900","5.016666666666667"
