case_id,control_point,native_row,native_col,reference_lat_deg,reference_lon_deg,patched_lat_deg,patched_lon_deg,legacy_lat_deg,legacy_lon_deg,patched_error_km,legacy_error_km
20240312_1500,disk_center,1855,1855,-8.33543197131803e-07,0.0,4.379575671009661e-07,0.0,0.0,0.0,0.00014058711674793962,9.216308638267316e-05
20240312_1500,north_near_edge,3609,1855,67.99647521972656,0.0,67.99649047851562,0.0,-67.99945068359375,0.0,0.0017019386692671144,15090.939496970936
20240312_1500,south_near_edge,101,1855,-67.9964828491211,0.0,-67.9964828491211,0.0,67.99945068359375,0.0,0.0,15090.940347940274
20240312_1500,east_near_edge,1855,103,-9.340063797935728e-07,66.95355224609375,4.907425932287879e-07,66.95355224609375,0.0,293.02825927734375,0.0001575314430327257,14908.570215615278
20240312_1500,west_near_edge,1855,3607,-9.340063797935728e-07,-66.95354461669922,4.907426500722067e-07,-66.95355224609375,0.0,66.97175598144531,0.0008637907265150156,14908.571064919854
20240312_1500,nw_quadrant,2993,2798,34.987548828125,-35.007965087890625,34.987548828125,-35.007965087890625,-34.98765182495117,35.012229919433594,0.0,10624.117517970444
20240312_1500,ne_quadrant,2993,912,34.987548828125,35.007965087890625,34.987548828125,35.007965087890625,-34.98765182495117,324.9877624511719,0.0,10624.118058308946
20240312_1500,sw_quadrant,717,2798,-34.987548828125,-35.007965087890625,-34.987548828125,-35.007965087890625,34.98765182495117,35.012229919433594,0.0,10624.117517970444
20240312_1500,se_quadrant,717,912,-34.987548828125,35.007965087890625,-34.987548828125,35.007965087890625,34.98765182495117,324.9877624511719,0.0,10624.118058308946
